Date,LOC,Files
2025-05-31,,       0
2025-05-31,,       0
2025-05-31,,       0
2025-05-31,,       0
2025-05-31,,       0
2025-05-31,,       0
2025-05-31,,       0
2025-05-31,,       0
2025-05-31,,       0
2025-05-31,,       0
2025-05-31,,       0
2025-05-31,,       0
2025-05-31,,       0
2025-05-31,,       0
2025-05-31,,       0
2025-05-31,,       0
2025-05-31,,       0
2025-05-31,,       0
2025-05-31,,       0
2025-05-31,,       0
2025-05-31,,       0
2025-05-31,,       0
2025-05-31,,       0
2025-05-31,,       0
2025-05-31,,       0
2025-05-31,,       0
2025-05-31,,       0
2025-05-31,,       0
2025-05-31,,       0
2025-05-31,,       0
